[{"paths": ["group1-shard1of1"], "weights": [{"name": "final_retrain_ops/biases/final_biases", "shape": [106], "dtype": "float32"}, {"name": "final_retrain_ops/weights/final_weights", "shape": [512, 106], "dtype": "float32"}, {"name": "module_apply_default/MobilenetV1/Logits/global_pool/reduction_indices", "shape": [2], "dtype": "int32"}, {"name": "module_apply_default/MobilenetV1/MobilenetV1/Conv2d_13_pointwise/BatchNorm/FusedBatchNorm/Offset", "shape": [512], "dtype": "float32"}, {"name": "module_apply_default/MobilenetV1/MobilenetV1/Conv2d_13_pointwise/Conv2D/merged_input", "shape": [1, 1, 512, 512], "dtype": "float32"}, {"name": "module_apply_default/MobilenetV1/MobilenetV1/Conv2d_13_depthwise/BatchNorm/FusedBatchNorm/Offset", "shape": [512], "dtype": "float32"}, {"name": "module_apply_default/MobilenetV1/MobilenetV1/Conv2d_13_depthwise/BatchNorm/FusedBatchNorm/Scaled", "shape": [512], "dtype": "float32"}, {"name": "module/MobilenetV1/Conv2d_13_depthwise/depthwise_weights", "shape": [3, 3, 512, 1], "dtype": "float32"}, {"name": "module_apply_default/MobilenetV1/MobilenetV1/Conv2d_12_pointwise/BatchNorm/FusedBatchNorm/Offset", "shape": [512], "dtype": "float32"}, {"name": "module_apply_default/MobilenetV1/MobilenetV1/Conv2d_12_pointwise/Conv2D/merged_input", "shape": [1, 1, 256, 512], "dtype": "float32"}, {"name": "module_apply_default/MobilenetV1/MobilenetV1/Conv2d_12_depthwise/BatchNorm/FusedBatchNorm/Offset", "shape": [256], "dtype": "float32"}, {"name": "module_apply_default/MobilenetV1/MobilenetV1/Conv2d_12_depthwise/BatchNorm/FusedBatchNorm/Scaled", "shape": [256], "dtype": "float32"}, {"name": "module/MobilenetV1/Conv2d_12_depthwise/depthwise_weights", "shape": [3, 3, 256, 1], "dtype": "float32"}, {"name": "module_apply_default/MobilenetV1/MobilenetV1/Conv2d_11_pointwise/BatchNorm/FusedBatchNorm/Offset", "shape": [256], "dtype": "float32"}, {"name": "module_apply_default/MobilenetV1/MobilenetV1/Conv2d_11_pointwise/Conv2D/merged_input", "shape": [1, 1, 256, 256], "dtype": "float32"}, {"name": "module_apply_default/MobilenetV1/MobilenetV1/Conv2d_11_depthwise/BatchNorm/FusedBatchNorm/Offset", "shape": [256], "dtype": "float32"}, {"name": "module_apply_default/MobilenetV1/MobilenetV1/Conv2d_11_depthwise/BatchNorm/FusedBatchNorm/Scaled", "shape": [256], "dtype": "float32"}, {"name": "module/MobilenetV1/Conv2d_11_depthwise/depthwise_weights", "shape": [3, 3, 256, 1], "dtype": "float32"}, {"name": "module_apply_default/MobilenetV1/MobilenetV1/Conv2d_10_pointwise/BatchNorm/FusedBatchNorm/Offset", "shape": [256], "dtype": "float32"}, {"name": "module_apply_default/MobilenetV1/MobilenetV1/Conv2d_10_pointwise/Conv2D/merged_input", "shape": [1, 1, 256, 256], "dtype": "float32"}, {"name": "module_apply_default/MobilenetV1/MobilenetV1/Conv2d_10_depthwise/BatchNorm/FusedBatchNorm/Offset", "shape": [256], "dtype": "float32"}, {"name": "module_apply_default/MobilenetV1/MobilenetV1/Conv2d_10_depthwise/BatchNorm/FusedBatchNorm/Scaled", "shape": [256], "dtype": "float32"}, {"name": "module/MobilenetV1/Conv2d_10_depthwise/depthwise_weights", "shape": [3, 3, 256, 1], "dtype": "float32"}, {"name": "module_apply_default/MobilenetV1/MobilenetV1/Conv2d_9_pointwise/BatchNorm/FusedBatchNorm/Offset", "shape": [256], "dtype": "float32"}, {"name": "module_apply_default/MobilenetV1/MobilenetV1/Conv2d_9_pointwise/Conv2D/merged_input", "shape": [1, 1, 256, 256], "dtype": "float32"}, {"name": "module_apply_default/MobilenetV1/MobilenetV1/Conv2d_9_depthwise/BatchNorm/FusedBatchNorm/Offset", "shape": [256], "dtype": "float32"}, {"name": "module_apply_default/MobilenetV1/MobilenetV1/Conv2d_9_depthwise/BatchNorm/FusedBatchNorm/Scaled", "shape": [256], "dtype": "float32"}, {"name": "module/MobilenetV1/Conv2d_9_depthwise/depthwise_weights", "shape": [3, 3, 256, 1], "dtype": "float32"}, {"name": "module_apply_default/MobilenetV1/MobilenetV1/Conv2d_8_pointwise/BatchNorm/FusedBatchNorm/Offset", "shape": [256], "dtype": "float32"}, {"name": "module_apply_default/MobilenetV1/MobilenetV1/Conv2d_8_pointwise/Conv2D/merged_input", "shape": [1, 1, 256, 256], "dtype": "float32"}, {"name": "module_apply_default/MobilenetV1/MobilenetV1/Conv2d_8_depthwise/BatchNorm/FusedBatchNorm/Offset", "shape": [256], "dtype": "float32"}, {"name": "module_apply_default/MobilenetV1/MobilenetV1/Conv2d_8_depthwise/BatchNorm/FusedBatchNorm/Scaled", "shape": [256], "dtype": "float32"}, {"name": "module/MobilenetV1/Conv2d_8_depthwise/depthwise_weights", "shape": [3, 3, 256, 1], "dtype": "float32"}, {"name": "module_apply_default/MobilenetV1/MobilenetV1/Conv2d_7_pointwise/BatchNorm/FusedBatchNorm/Offset", "shape": [256], "dtype": "float32"}, {"name": "module_apply_default/MobilenetV1/MobilenetV1/Conv2d_7_pointwise/Conv2D/merged_input", "shape": [1, 1, 256, 256], "dtype": "float32"}, {"name": "module_apply_default/MobilenetV1/MobilenetV1/Conv2d_7_depthwise/BatchNorm/FusedBatchNorm/Offset", "shape": [256], "dtype": "float32"}, {"name": "module_apply_default/MobilenetV1/MobilenetV1/Conv2d_7_depthwise/BatchNorm/FusedBatchNorm/Scaled", "shape": [256], "dtype": "float32"}, {"name": "module/MobilenetV1/Conv2d_7_depthwise/depthwise_weights", "shape": [3, 3, 256, 1], "dtype": "float32"}, {"name": "module_apply_default/MobilenetV1/MobilenetV1/Conv2d_6_pointwise/BatchNorm/FusedBatchNorm/Offset", "shape": [256], "dtype": "float32"}, {"name": "module_apply_default/MobilenetV1/MobilenetV1/Conv2d_6_pointwise/Conv2D/merged_input", "shape": [1, 1, 128, 256], "dtype": "float32"}, {"name": "module_apply_default/MobilenetV1/MobilenetV1/Conv2d_6_depthwise/BatchNorm/FusedBatchNorm/Offset", "shape": [128], "dtype": "float32"}, {"name": "module_apply_default/MobilenetV1/MobilenetV1/Conv2d_6_depthwise/BatchNorm/FusedBatchNorm/Scaled", "shape": [128], "dtype": "float32"}, {"name": "module/MobilenetV1/Conv2d_6_depthwise/depthwise_weights", "shape": [3, 3, 128, 1], "dtype": "float32"}, {"name": "module_apply_default/MobilenetV1/MobilenetV1/Conv2d_5_pointwise/BatchNorm/FusedBatchNorm/Offset", "shape": [128], "dtype": "float32"}, {"name": "module_apply_default/MobilenetV1/MobilenetV1/Conv2d_5_pointwise/Conv2D/merged_input", "shape": [1, 1, 128, 128], "dtype": "float32"}, {"name": "module_apply_default/MobilenetV1/MobilenetV1/Conv2d_5_depthwise/BatchNorm/FusedBatchNorm/Offset", "shape": [128], "dtype": "float32"}, {"name": "module_apply_default/MobilenetV1/MobilenetV1/Conv2d_5_depthwise/BatchNorm/FusedBatchNorm/Scaled", "shape": [128], "dtype": "float32"}, {"name": "module/MobilenetV1/Conv2d_5_depthwise/depthwise_weights", "shape": [3, 3, 128, 1], "dtype": "float32"}, {"name": "module_apply_default/MobilenetV1/MobilenetV1/Conv2d_4_pointwise/BatchNorm/FusedBatchNorm/Offset", "shape": [128], "dtype": "float32"}, {"name": "module_apply_default/MobilenetV1/MobilenetV1/Conv2d_4_pointwise/Conv2D/merged_input", "shape": [1, 1, 64, 128], "dtype": "float32"}, {"name": "module_apply_default/MobilenetV1/MobilenetV1/Conv2d_4_depthwise/BatchNorm/FusedBatchNorm/Offset", "shape": [64], "dtype": "float32"}, {"name": "module_apply_default/MobilenetV1/MobilenetV1/Conv2d_4_depthwise/BatchNorm/FusedBatchNorm/Scaled", "shape": [64], "dtype": "float32"}, {"name": "module/MobilenetV1/Conv2d_4_depthwise/depthwise_weights", "shape": [3, 3, 64, 1], "dtype": "float32"}, {"name": "module_apply_default/MobilenetV1/MobilenetV1/Conv2d_3_pointwise/BatchNorm/FusedBatchNorm/Offset", "shape": [64], "dtype": "float32"}, {"name": "module_apply_default/MobilenetV1/MobilenetV1/Conv2d_3_pointwise/Conv2D/merged_input", "shape": [1, 1, 64, 64], "dtype": "float32"}, {"name": "module_apply_default/MobilenetV1/MobilenetV1/Conv2d_3_depthwise/BatchNorm/FusedBatchNorm/Offset", "shape": [64], "dtype": "float32"}, {"name": "module_apply_default/MobilenetV1/MobilenetV1/Conv2d_3_depthwise/BatchNorm/FusedBatchNorm/Scaled", "shape": [64], "dtype": "float32"}, {"name": "module/MobilenetV1/Conv2d_3_depthwise/depthwise_weights", "shape": [3, 3, 64, 1], "dtype": "float32"}, {"name": "module_apply_default/MobilenetV1/MobilenetV1/Conv2d_2_pointwise/BatchNorm/FusedBatchNorm/Offset", "shape": [64], "dtype": "float32"}, {"name": "module_apply_default/MobilenetV1/MobilenetV1/Conv2d_2_pointwise/Conv2D/merged_input", "shape": [1, 1, 32, 64], "dtype": "float32"}, {"name": "module_apply_default/MobilenetV1/MobilenetV1/Conv2d_2_depthwise/BatchNorm/FusedBatchNorm/Offset", "shape": [32], "dtype": "float32"}, {"name": "module_apply_default/MobilenetV1/MobilenetV1/Conv2d_2_depthwise/BatchNorm/FusedBatchNorm/Scaled", "shape": [32], "dtype": "float32"}, {"name": "module/MobilenetV1/Conv2d_2_depthwise/depthwise_weights", "shape": [3, 3, 32, 1], "dtype": "float32"}, {"name": "module_apply_default/MobilenetV1/MobilenetV1/Conv2d_1_pointwise/BatchNorm/FusedBatchNorm/Offset", "shape": [32], "dtype": "float32"}, {"name": "module_apply_default/MobilenetV1/MobilenetV1/Conv2d_1_pointwise/Conv2D/merged_input", "shape": [1, 1, 16, 32], "dtype": "float32"}, {"name": "module_apply_default/MobilenetV1/MobilenetV1/Conv2d_1_depthwise/BatchNorm/FusedBatchNorm/Offset", "shape": [16], "dtype": "float32"}, {"name": "module_apply_default/MobilenetV1/MobilenetV1/Conv2d_1_depthwise/BatchNorm/FusedBatchNorm/Scaled", "shape": [16], "dtype": "float32"}, {"name": "module/MobilenetV1/Conv2d_1_depthwise/depthwise_weights", "shape": [3, 3, 16, 1], "dtype": "float32"}, {"name": "module_apply_default/MobilenetV1/MobilenetV1/Conv2d_0/BatchNorm/FusedBatchNorm/Offset", "shape": [16], "dtype": "float32"}, {"name": "module_apply_default/MobilenetV1/MobilenetV1/Conv2d_0/Conv2D/merged_input", "shape": [3, 3, 3, 16], "dtype": "float32"}, {"name": "module_apply_default/hub_input/Sub/y", "shape": [], "dtype": "float32"}, {"name": "module_apply_default/hub_input/Mul/y", "shape": [], "dtype": "float32"}]}]